{
  "fio version" : "fio-3.36",
  "timestamp" : 1773716116,
  "timestamp_ms" : 1773716116961,
  "time" : "Tue Mar 17 02:55:16 2026",
  "jobs" : [
    {
      "jobname" : "rand_read_r1",
      "groupid" : 0,
      "job_start" : 1773716115924,
      "error" : 0,
      "eta" : 2147483647,
      "elapsed" : 2,
      "job options" : {
        "name" : "rand_read_r1",
        "directory" : "/tmp/aisp_fio_2026-03-17_localhost_fabric_canonical_localhost",
        "ioengine" : "libaio",
        "direct" : "1",
        "rw" : "randread",
        "bs" : "4K",
        "size" : "8G",
        "numjobs" : "4",
        "runtime" : "1",
        "unlink" : "1",
        "iodepth" : "64"
      },
      "read" : {
        "io_bytes" : 276602880,
        "io_kbytes" : 270120,
        "bw_bytes" : 275226746,
        "bw" : 268776,
        "iops" : 67194.029851,
        "runtime" : 1005,
        "total_ios" : 67530,
        "short_ios" : 0,
        "drop_ios" : 0,
        "slat_ns" : {
          "min" : 915,
          "max" : 282276,
          "mean" : 3206.546068,
          "stddev" : 3568.340707,
          "N" : 67530
        },
        "clat_ns" : {
          "min" : 411692,
          "max" : 11137697,
          "mean" : 3799544.824715,
          "stddev" : 1708481.639362,
          "N" : 67530,
          "percentile" : {
            "1.000000" : 1335296,
            "5.000000" : 1777664,
            "10.000000" : 1990656,
            "20.000000" : 2310144,
            "30.000000" : 2605056,
            "40.000000" : 2965504,
            "50.000000" : 3424256,
            "60.000000" : 3948544,
            "70.000000" : 4489216,
            "80.000000" : 5079040,
            "90.000000" : 6258688,
            "95.000000" : 7241728,
            "99.000000" : 8847360,
            "99.500000" : 9371648,
            "99.900000" : 10158080,
            "99.950000" : 10289152,
            "99.990000" : 10682368
          }
        },
        "lat_ns" : {
          "min" : 416322,
          "max" : 11156965,
          "mean" : 3802751.370783,
          "stddev" : 1708653.322577,
          "N" : 67530
        },
        "bw_min" : 267408,
        "bw_max" : 270816,
        "bw_agg" : 100.000000,
        "bw_mean" : 269112.000000,
        "bw_dev" : 628.605713,
        "bw_samples" : 8,
        "iops_min" : 66852,
        "iops_max" : 67704,
        "iops_mean" : 67278.000000,
        "iops_stddev" : 157.151428,
        "iops_samples" : 8
      },
      "write" : {
        "io_bytes" : 0,
        "io_kbytes" : 0,
        "bw_bytes" : 0,
        "bw" : 0,
        "iops" : 0.000000,
        "runtime" : 0,
        "total_ios" : 0,
        "short_ios" : 0,
        "drop_ios" : 0,
        "slat_ns" : {
          "min" : 0,
          "max" : 0,
          "mean" : 0.000000,
          "stddev" : 0.000000,
          "N" : 0
        },
        "clat_ns" : {
          "min" : 0,
          "max" : 0,
          "mean" : 0.000000,
          "stddev" : 0.000000,
          "N" : 0
        },
        "lat_ns" : {
          "min" : 0,
          "max" : 0,
          "mean" : 0.000000,
          "stddev" : 0.000000,
          "N" : 0
        },
        "bw_min" : 0,
        "bw_max" : 0,
        "bw_agg" : 0.000000,
        "bw_mean" : 0.000000,
        "bw_dev" : 0.000000,
        "bw_samples" : 0,
        "iops_min" : 0,
        "iops_max" : 0,
        "iops_mean" : 0.000000,
        "iops_stddev" : 0.000000,
        "iops_samples" : 0
      },
      "trim" : {
        "io_bytes" : 0,
        "io_kbytes" : 0,
        "bw_bytes" : 0,
        "bw" : 0,
        "iops" : 0.000000,
        "runtime" : 0,
        "total_ios" : 0,
        "short_ios" : 0,
        "drop_ios" : 0,
        "slat_ns" : {
          "min" : 0,
          "max" : 0,
          "mean" : 0.000000,
          "stddev" : 0.000000,
          "N" : 0
        },
        "clat_ns" : {
          "min" : 0,
          "max" : 0,
          "mean" : 0.000000,
          "stddev" : 0.000000,
          "N" : 0
        },
        "lat_ns" : {
          "min" : 0,
          "max" : 0,
          "mean" : 0.000000,
          "stddev" : 0.000000,
          "N" : 0
        },
        "bw_min" : 0,
        "bw_max" : 0,
        "bw_agg" : 0.000000,
        "bw_mean" : 0.000000,
        "bw_dev" : 0.000000,
        "bw_samples" : 0,
        "iops_min" : 0,
        "iops_max" : 0,
        "iops_mean" : 0.000000,
        "iops_stddev" : 0.000000,
        "iops_samples" : 0
      },
      "sync" : {
        "total_ios" : 0,
        "lat_ns" : {
          "min" : 0,
          "max" : 0,
          "mean" : 0.000000,
          "stddev" : 0.000000,
          "N" : 0
        }
      },
      "job_runtime" : 4013,
      "usr_cpu" : 2.915525,
      "sys_cpu" : 10.067281,
      "ctx" : 29062,
      "majf" : 0,
      "minf" : 299,
      "iodepth_level" : {
        "1" : 0.100000,
        "2" : 0.100000,
        "4" : 0.100000,
        "8" : 0.100000,
        "16" : 0.100000,
        "32" : 0.189545,
        ">=64" : 99.626833
      },
      "iodepth_submit" : {
        "0" : 0.000000,
        "4" : 100.000000,
        "8" : 0.000000,
        "16" : 0.000000,
        "32" : 0.000000,
        "64" : 0.000000,
        ">=64" : 0.000000
      },
      "iodepth_complete" : {
        "0" : 0.000000,
        "4" : 99.994055,
        "8" : 0.000000,
        "16" : 0.000000,
        "32" : 0.000000,
        "64" : 0.100000,
        ">=64" : 0.000000
      },
      "latency_ns" : {
        "2" : 0.000000,
        "4" : 0.000000,
        "10" : 0.000000,
        "20" : 0.000000,
        "50" : 0.000000,
        "100" : 0.000000,
        "250" : 0.000000,
        "500" : 0.000000,
        "750" : 0.000000,
        "1000" : 0.000000
      },
      "latency_us" : {
        "2" : 0.000000,
        "4" : 0.000000,
        "10" : 0.000000,
        "20" : 0.000000,
        "50" : 0.000000,
        "100" : 0.000000,
        "250" : 0.000000,
        "500" : 0.010000,
        "750" : 0.125870,
        "1000" : 0.244336
      },
      "latency_ms" : {
        "2" : 9.786761,
        "4" : 50.999556,
        "10" : 38.690952,
        "20" : 0.145121,
        "50" : 0.000000,
        "100" : 0.000000,
        "250" : 0.000000,
        "500" : 0.000000,
        "750" : 0.000000,
        "1000" : 0.000000,
        "2000" : 0.000000,
        ">=2000" : 0.000000
      },
      "latency_depth" : 64,
      "latency_target" : 0,
      "latency_percentile" : 100.000000,
      "latency_window" : 0
    }
  ],
  "disk_util" : [
    {
      "name" : "vda",
      "read_ios" : 60026,
      "write_ios" : 0,
      "read_sectors" : 480208,
      "write_sectors" : 0,
      "read_merges" : 0,
      "write_merges" : 0,
      "read_ticks" : 225769,
      "write_ticks" : 0,
      "in_queue" : 225769,
      "util" : 80.947581
    }
  ]
}
