{
  "fio version" : "fio-3.36",
  "timestamp" : 1773716275,
  "timestamp_ms" : 1773716275445,
  "time" : "Tue Mar 17 02:57:55 2026",
  "jobs" : [
    {
      "jobname" : "rand_write_r3",
      "groupid" : 0,
      "job_start" : 1773716274226,
      "error" : 0,
      "eta" : 2147483647,
      "elapsed" : 2,
      "job options" : {
        "name" : "rand_write_r3",
        "directory" : "/tmp/aisp_fio_2026-03-17_localhost_fabric_canonical_localhost",
        "ioengine" : "libaio",
        "direct" : "1",
        "rw" : "randwrite",
        "bs" : "4K",
        "size" : "8G",
        "numjobs" : "4",
        "runtime" : "1",
        "unlink" : "1",
        "iodepth" : "64"
      },
      "read" : {
        "io_bytes" : 0,
        "io_kbytes" : 0,
        "bw_bytes" : 0,
        "bw" : 0,
        "iops" : 0.000000,
        "runtime" : 0,
        "total_ios" : 0,
        "short_ios" : 0,
        "drop_ios" : 0,
        "slat_ns" : {
          "min" : 0,
          "max" : 0,
          "mean" : 0.000000,
          "stddev" : 0.000000,
          "N" : 0
        },
        "clat_ns" : {
          "min" : 0,
          "max" : 0,
          "mean" : 0.000000,
          "stddev" : 0.000000,
          "N" : 0
        },
        "lat_ns" : {
          "min" : 0,
          "max" : 0,
          "mean" : 0.000000,
          "stddev" : 0.000000,
          "N" : 0
        },
        "bw_min" : 0,
        "bw_max" : 0,
        "bw_agg" : 0.000000,
        "bw_mean" : 0.000000,
        "bw_dev" : 0.000000,
        "bw_samples" : 0,
        "iops_min" : 0,
        "iops_max" : 0,
        "iops_mean" : 0.000000,
        "iops_stddev" : 0.000000,
        "iops_samples" : 0
      },
      "write" : {
        "io_bytes" : 174579712,
        "io_kbytes" : 170488,
        "bw_bytes" : 173366148,
        "bw" : 169302,
        "iops" : 42325.719960,
        "runtime" : 1007,
        "total_ios" : 42622,
        "short_ios" : 0,
        "drop_ios" : 0,
        "slat_ns" : {
          "min" : 2569,
          "max" : 695479,
          "mean" : 12437.966918,
          "stddev" : 16871.368206,
          "N" : 42622
        },
        "clat_ns" : {
          "min" : 1851557,
          "max" : 31937777,
          "mean" : 6011676.078668,
          "stddev" : 1884111.766337,
          "N" : 42622,
          "percentile" : {
            "1.000000" : 3129344,
            "5.000000" : 3588096,
            "10.000000" : 3915776,
            "20.000000" : 4358144,
            "30.000000" : 4751360,
            "40.000000" : 5144576,
            "50.000000" : 5668864,
            "60.000000" : 6193152,
            "70.000000" : 6979584,
            "80.000000" : 7766016,
            "90.000000" : 8585216,
            "95.000000" : 9109504,
            "99.000000" : 10158080,
            "99.500000" : 10944512,
            "99.900000" : 16908288,
            "99.950000" : 23461888,
            "99.990000" : 29229056
          }
        },
        "lat_ns" : {
          "min" : 1864131,
          "max" : 31972403,
          "mean" : 6024114.045587,
          "stddev" : 1885835.130010,
          "N" : 42622
        },
        "bw_min" : 161720,
        "bw_max" : 177240,
        "bw_agg" : 100.000000,
        "bw_mean" : 169480.000000,
        "bw_dev" : 2078.454371,
        "bw_samples" : 8,
        "iops_min" : 40430,
        "iops_max" : 44310,
        "iops_mean" : 42370.000000,
        "iops_stddev" : 519.613593,
        "iops_samples" : 8
      },
      "trim" : {
        "io_bytes" : 0,
        "io_kbytes" : 0,
        "bw_bytes" : 0,
        "bw" : 0,
        "iops" : 0.000000,
        "runtime" : 0,
        "total_ios" : 0,
        "short_ios" : 0,
        "drop_ios" : 0,
        "slat_ns" : {
          "min" : 0,
          "max" : 0,
          "mean" : 0.000000,
          "stddev" : 0.000000,
          "N" : 0
        },
        "clat_ns" : {
          "min" : 0,
          "max" : 0,
          "mean" : 0.000000,
          "stddev" : 0.000000,
          "N" : 0
        },
        "lat_ns" : {
          "min" : 0,
          "max" : 0,
          "mean" : 0.000000,
          "stddev" : 0.000000,
          "N" : 0
        },
        "bw_min" : 0,
        "bw_max" : 0,
        "bw_agg" : 0.000000,
        "bw_mean" : 0.000000,
        "bw_dev" : 0.000000,
        "bw_samples" : 0,
        "iops_min" : 0,
        "iops_max" : 0,
        "iops_mean" : 0.000000,
        "iops_stddev" : 0.000000,
        "iops_samples" : 0
      },
      "sync" : {
        "total_ios" : 0,
        "lat_ns" : {
          "min" : 0,
          "max" : 0,
          "mean" : 0.000000,
          "stddev" : 0.000000,
          "N" : 0
        }
      },
      "job_runtime" : 4012,
      "usr_cpu" : 1.769691,
      "sys_cpu" : 13.609172,
      "ctx" : 10629,
      "majf" : 0,
      "minf" : 45,
      "iodepth_level" : {
        "1" : 0.100000,
        "2" : 0.100000,
        "4" : 0.100000,
        "8" : 0.100000,
        "16" : 0.150157,
        "32" : 0.300314,
        ">=64" : 99.408756
      },
      "iodepth_submit" : {
        "0" : 0.000000,
        "4" : 100.000000,
        "8" : 0.000000,
        "16" : 0.000000,
        "32" : 0.000000,
        "64" : 0.000000,
        ">=64" : 0.000000
      },
      "iodepth_complete" : {
        "0" : 0.000000,
        "4" : 99.990560,
        "8" : 0.000000,
        "16" : 0.000000,
        "32" : 0.000000,
        "64" : 0.100000,
        ">=64" : 0.000000
      },
      "latency_ns" : {
        "2" : 0.000000,
        "4" : 0.000000,
        "10" : 0.000000,
        "20" : 0.000000,
        "50" : 0.000000,
        "100" : 0.000000,
        "250" : 0.000000,
        "500" : 0.000000,
        "750" : 0.000000,
        "1000" : 0.000000
      },
      "latency_us" : {
        "2" : 0.000000,
        "4" : 0.000000,
        "10" : 0.000000,
        "20" : 0.000000,
        "50" : 0.000000,
        "100" : 0.000000,
        "250" : 0.000000,
        "500" : 0.000000,
        "750" : 0.000000,
        "1000" : 0.000000
      },
      "latency_ms" : {
        "2" : 0.011731,
        "4" : 11.383792,
        "10" : 87.248369,
        "20" : 1.285721,
        "50" : 0.070386,
        "100" : 0.000000,
        "250" : 0.000000,
        "500" : 0.000000,
        "750" : 0.000000,
        "1000" : 0.000000,
        "2000" : 0.000000,
        ">=2000" : 0.000000
      },
      "latency_depth" : 64,
      "latency_target" : 0,
      "latency_percentile" : 100.000000,
      "latency_window" : 0
    }
  ],
  "disk_util" : [
    {
      "name" : "vda",
      "read_ios" : 0,
      "write_ios" : 36811,
      "read_sectors" : 0,
      "write_sectors" : 294488,
      "read_merges" : 0,
      "write_merges" : 0,
      "read_ticks" : 0,
      "write_ticks" : 218014,
      "in_queue" : 218014,
      "util" : 61.522843
    }
  ]
}
