{
  "fio version" : "fio-3.36",
  "timestamp" : 1773716118,
  "timestamp_ms" : 1773716118383,
  "time" : "Tue Mar 17 02:55:18 2026",
  "jobs" : [
    {
      "jobname" : "rand_write_r1",
      "groupid" : 0,
      "job_start" : 1773716117172,
      "error" : 0,
      "eta" : 2147483647,
      "elapsed" : 2,
      "job options" : {
        "name" : "rand_write_r1",
        "directory" : "/tmp/aisp_fio_2026-03-17_localhost_fabric_canonical_localhost",
        "ioengine" : "libaio",
        "direct" : "1",
        "rw" : "randwrite",
        "bs" : "4K",
        "size" : "8G",
        "numjobs" : "4",
        "runtime" : "1",
        "unlink" : "1",
        "iodepth" : "64"
      },
      "read" : {
        "io_bytes" : 0,
        "io_kbytes" : 0,
        "bw_bytes" : 0,
        "bw" : 0,
        "iops" : 0.000000,
        "runtime" : 0,
        "total_ios" : 0,
        "short_ios" : 0,
        "drop_ios" : 0,
        "slat_ns" : {
          "min" : 0,
          "max" : 0,
          "mean" : 0.000000,
          "stddev" : 0.000000,
          "N" : 0
        },
        "clat_ns" : {
          "min" : 0,
          "max" : 0,
          "mean" : 0.000000,
          "stddev" : 0.000000,
          "N" : 0
        },
        "lat_ns" : {
          "min" : 0,
          "max" : 0,
          "mean" : 0.000000,
          "stddev" : 0.000000,
          "N" : 0
        },
        "bw_min" : 0,
        "bw_max" : 0,
        "bw_agg" : 0.000000,
        "bw_mean" : 0.000000,
        "bw_dev" : 0.000000,
        "bw_samples" : 0,
        "iops_min" : 0,
        "iops_max" : 0,
        "iops_mean" : 0.000000,
        "iops_stddev" : 0.000000,
        "iops_samples" : 0
      },
      "write" : {
        "io_bytes" : 166756352,
        "io_kbytes" : 162848,
        "bw_bytes" : 164291972,
        "bw" : 160441,
        "iops" : 40110.344828,
        "runtime" : 1015,
        "total_ios" : 40712,
        "short_ios" : 0,
        "drop_ios" : 0,
        "slat_ns" : {
          "min" : 2451,
          "max" : 522895,
          "mean" : 13008.334938,
          "stddev" : 16711.244648,
          "N" : 40712
        },
        "clat_ns" : {
          "min" : 2293782,
          "max" : 33444774,
          "mean" : 6329860.474749,
          "stddev" : 1938344.167072,
          "N" : 40712,
          "percentile" : {
            "1.000000" : 3653632,
            "5.000000" : 4014080,
            "10.000000" : 4292608,
            "20.000000" : 4620288,
            "30.000000" : 4947968,
            "40.000000" : 5341184,
            "50.000000" : 5865472,
            "60.000000" : 6520832,
            "70.000000" : 7372800,
            "80.000000" : 8159232,
            "90.000000" : 8847360,
            "95.000000" : 9371648,
            "99.000000" : 10813440,
            "99.500000" : 13565952,
            "99.900000" : 19529728,
            "99.950000" : 21364736,
            "99.990000" : 25296896
          }
        },
        "lat_ns" : {
          "min" : 2313397,
          "max" : 33458609,
          "mean" : 6342868.809688,
          "stddev" : 1940425.861845,
          "N" : 40712
        },
        "bw_min" : 158440,
        "bw_max" : 165240,
        "bw_agg" : 100.000000,
        "bw_mean" : 161840.000000,
        "bw_dev" : 931.299553,
        "bw_samples" : 8,
        "iops_min" : 39610,
        "iops_max" : 41310,
        "iops_mean" : 40460.000000,
        "iops_stddev" : 232.824888,
        "iops_samples" : 8
      },
      "trim" : {
        "io_bytes" : 0,
        "io_kbytes" : 0,
        "bw_bytes" : 0,
        "bw" : 0,
        "iops" : 0.000000,
        "runtime" : 0,
        "total_ios" : 0,
        "short_ios" : 0,
        "drop_ios" : 0,
        "slat_ns" : {
          "min" : 0,
          "max" : 0,
          "mean" : 0.000000,
          "stddev" : 0.000000,
          "N" : 0
        },
        "clat_ns" : {
          "min" : 0,
          "max" : 0,
          "mean" : 0.000000,
          "stddev" : 0.000000,
          "N" : 0
        },
        "lat_ns" : {
          "min" : 0,
          "max" : 0,
          "mean" : 0.000000,
          "stddev" : 0.000000,
          "N" : 0
        },
        "bw_min" : 0,
        "bw_max" : 0,
        "bw_agg" : 0.000000,
        "bw_mean" : 0.000000,
        "bw_dev" : 0.000000,
        "bw_samples" : 0,
        "iops_min" : 0,
        "iops_max" : 0,
        "iops_mean" : 0.000000,
        "iops_stddev" : 0.000000,
        "iops_samples" : 0
      },
      "sync" : {
        "total_ios" : 0,
        "lat_ns" : {
          "min" : 0,
          "max" : 0,
          "mean" : 0.000000,
          "stddev" : 0.000000,
          "N" : 0
        }
      },
      "job_runtime" : 4036,
      "usr_cpu" : 2.180377,
      "sys_cpu" : 13.280476,
      "ctx" : 10257,
      "majf" : 0,
      "minf" : 50,
      "iodepth_level" : {
        "1" : 0.100000,
        "2" : 0.100000,
        "4" : 0.100000,
        "8" : 0.100000,
        "16" : 0.157202,
        "32" : 0.314404,
        ">=64" : 99.381018
      },
      "iodepth_submit" : {
        "0" : 0.000000,
        "4" : 100.000000,
        "8" : 0.000000,
        "16" : 0.000000,
        "32" : 0.000000,
        "64" : 0.000000,
        ">=64" : 0.000000
      },
      "iodepth_complete" : {
        "0" : 0.000000,
        "4" : 99.990115,
        "8" : 0.000000,
        "16" : 0.000000,
        "32" : 0.000000,
        "64" : 0.100000,
        ">=64" : 0.000000
      },
      "latency_ns" : {
        "2" : 0.000000,
        "4" : 0.000000,
        "10" : 0.000000,
        "20" : 0.000000,
        "50" : 0.000000,
        "100" : 0.000000,
        "250" : 0.000000,
        "500" : 0.000000,
        "750" : 0.000000,
        "1000" : 0.000000
      },
      "latency_us" : {
        "2" : 0.000000,
        "4" : 0.000000,
        "10" : 0.000000,
        "20" : 0.000000,
        "50" : 0.000000,
        "100" : 0.000000,
        "250" : 0.000000,
        "500" : 0.000000,
        "750" : 0.000000,
        "1000" : 0.000000
      },
      "latency_ms" : {
        "2" : 0.000000,
        "4" : 4.892906,
        "10" : 92.938200,
        "20" : 2.082924,
        "50" : 0.085970,
        "100" : 0.000000,
        "250" : 0.000000,
        "500" : 0.000000,
        "750" : 0.000000,
        "1000" : 0.000000,
        "2000" : 0.000000,
        ">=2000" : 0.000000
      },
      "latency_depth" : 64,
      "latency_target" : 0,
      "latency_percentile" : 100.000000,
      "latency_window" : 0
    }
  ],
  "disk_util" : [
    {
      "name" : "vda",
      "read_ios" : 0,
      "write_ios" : 35429,
      "read_sectors" : 0,
      "write_sectors" : 283432,
      "read_merges" : 0,
      "write_merges" : 0,
      "read_ticks" : 0,
      "write_ticks" : 218583,
      "in_queue" : 218583,
      "util" : 60.040568
    }
  ]
}
