{
  "fio version" : "fio-3.36",
  "timestamp" : 1773716195,
  "timestamp_ms" : 1773716195891,
  "time" : "Tue Mar 17 02:56:35 2026",
  "jobs" : [
    {
      "jobname" : "rand_read_r2",
      "groupid" : 0,
      "job_start" : 1773716194851,
      "error" : 0,
      "eta" : 2147483647,
      "elapsed" : 2,
      "job options" : {
        "name" : "rand_read_r2",
        "directory" : "/tmp/aisp_fio_2026-03-17_localhost_fabric_canonical_localhost",
        "ioengine" : "libaio",
        "direct" : "1",
        "rw" : "randread",
        "bs" : "4K",
        "size" : "8G",
        "numjobs" : "4",
        "runtime" : "1",
        "unlink" : "1",
        "iodepth" : "64"
      },
      "read" : {
        "io_bytes" : 277438464,
        "io_kbytes" : 270936,
        "bw_bytes" : 276608638,
        "bw" : 270125,
        "iops" : 67531.405783,
        "runtime" : 1003,
        "total_ios" : 67734,
        "short_ios" : 0,
        "drop_ios" : 0,
        "slat_ns" : {
          "min" : 922,
          "max" : 125741,
          "mean" : 3187.012579,
          "stddev" : 4930.089625,
          "N" : 67734
        },
        "clat_ns" : {
          "min" : 658070,
          "max" : 138694362,
          "mean" : 3783676.333333,
          "stddev" : 1878809.621879,
          "N" : 67734,
          "percentile" : {
            "1.000000" : 1564672,
            "5.000000" : 1925120,
            "10.000000" : 2179072,
            "20.000000" : 2506752,
            "30.000000" : 2834432,
            "40.000000" : 3162112,
            "50.000000" : 3555328,
            "60.000000" : 4014080,
            "70.000000" : 4489216,
            "80.000000" : 5013504,
            "90.000000" : 5603328,
            "95.000000" : 6127616,
            "99.000000" : 7241728,
            "99.500000" : 7634944,
            "99.900000" : 8847360,
            "99.950000" : 9240576,
            "99.990000" : 86507520
          }
        },
        "lat_ns" : {
          "min" : 660347,
          "max" : 138696082,
          "mean" : 3786863.345912,
          "stddev" : 1879158.886592,
          "N" : 67734
        },
        "bw_min" : 258536,
        "bw_max" : 281320,
        "bw_agg" : 99.926840,
        "bw_mean" : 269928.000000,
        "bw_dev" : 3078.438194,
        "bw_samples" : 8,
        "iops_min" : 64634,
        "iops_max" : 70330,
        "iops_mean" : 67482.000000,
        "iops_stddev" : 769.609549,
        "iops_samples" : 8
      },
      "write" : {
        "io_bytes" : 0,
        "io_kbytes" : 0,
        "bw_bytes" : 0,
        "bw" : 0,
        "iops" : 0.000000,
        "runtime" : 0,
        "total_ios" : 0,
        "short_ios" : 0,
        "drop_ios" : 0,
        "slat_ns" : {
          "min" : 0,
          "max" : 0,
          "mean" : 0.000000,
          "stddev" : 0.000000,
          "N" : 0
        },
        "clat_ns" : {
          "min" : 0,
          "max" : 0,
          "mean" : 0.000000,
          "stddev" : 0.000000,
          "N" : 0
        },
        "lat_ns" : {
          "min" : 0,
          "max" : 0,
          "mean" : 0.000000,
          "stddev" : 0.000000,
          "N" : 0
        },
        "bw_min" : 0,
        "bw_max" : 0,
        "bw_agg" : 0.000000,
        "bw_mean" : 0.000000,
        "bw_dev" : 0.000000,
        "bw_samples" : 0,
        "iops_min" : 0,
        "iops_max" : 0,
        "iops_mean" : 0.000000,
        "iops_stddev" : 0.000000,
        "iops_samples" : 0
      },
      "trim" : {
        "io_bytes" : 0,
        "io_kbytes" : 0,
        "bw_bytes" : 0,
        "bw" : 0,
        "iops" : 0.000000,
        "runtime" : 0,
        "total_ios" : 0,
        "short_ios" : 0,
        "drop_ios" : 0,
        "slat_ns" : {
          "min" : 0,
          "max" : 0,
          "mean" : 0.000000,
          "stddev" : 0.000000,
          "N" : 0
        },
        "clat_ns" : {
          "min" : 0,
          "max" : 0,
          "mean" : 0.000000,
          "stddev" : 0.000000,
          "N" : 0
        },
        "lat_ns" : {
          "min" : 0,
          "max" : 0,
          "mean" : 0.000000,
          "stddev" : 0.000000,
          "N" : 0
        },
        "bw_min" : 0,
        "bw_max" : 0,
        "bw_agg" : 0.000000,
        "bw_mean" : 0.000000,
        "bw_dev" : 0.000000,
        "bw_samples" : 0,
        "iops_min" : 0,
        "iops_max" : 0,
        "iops_mean" : 0.000000,
        "iops_stddev" : 0.000000,
        "iops_samples" : 0
      },
      "sync" : {
        "total_ios" : 0,
        "lat_ns" : {
          "min" : 0,
          "max" : 0,
          "mean" : 0.000000,
          "stddev" : 0.000000,
          "N" : 0
        }
      },
      "job_runtime" : 4008,
      "usr_cpu" : 2.969062,
      "sys_cpu" : 9.481038,
      "ctx" : 29976,
      "majf" : 0,
      "minf" : 307,
      "iodepth_level" : {
        "1" : 0.100000,
        "2" : 0.100000,
        "4" : 0.100000,
        "8" : 0.100000,
        "16" : 0.100000,
        "32" : 0.188975,
        ">=64" : 99.627956
      },
      "iodepth_submit" : {
        "0" : 0.000000,
        "4" : 100.000000,
        "8" : 0.000000,
        "16" : 0.000000,
        "32" : 0.000000,
        "64" : 0.000000,
        ">=64" : 0.000000
      },
      "iodepth_complete" : {
        "0" : 0.000000,
        "4" : 99.994073,
        "8" : 0.000000,
        "16" : 0.000000,
        "32" : 0.000000,
        "64" : 0.100000,
        ">=64" : 0.000000
      },
      "latency_ns" : {
        "2" : 0.000000,
        "4" : 0.000000,
        "10" : 0.000000,
        "20" : 0.000000,
        "50" : 0.000000,
        "100" : 0.000000,
        "250" : 0.000000,
        "500" : 0.000000,
        "750" : 0.000000,
        "1000" : 0.000000
      },
      "latency_us" : {
        "2" : 0.000000,
        "4" : 0.000000,
        "10" : 0.000000,
        "20" : 0.000000,
        "50" : 0.000000,
        "100" : 0.000000,
        "250" : 0.000000,
        "500" : 0.000000,
        "750" : 0.010000,
        "1000" : 0.017716
      },
      "latency_ms" : {
        "2" : 6.366079,
        "4" : 53.373490,
        "10" : 40.213187,
        "20" : 0.010000,
        "50" : 0.010000,
        "100" : 0.010000,
        "250" : 0.010000,
        "500" : 0.000000,
        "750" : 0.000000,
        "1000" : 0.000000,
        "2000" : 0.000000,
        ">=2000" : 0.000000
      },
      "latency_depth" : 64,
      "latency_target" : 0,
      "latency_percentile" : 100.000000,
      "latency_window" : 0
    }
  ],
  "disk_util" : [
    {
      "name" : "vda",
      "read_ios" : 57854,
      "write_ios" : 0,
      "read_sectors" : 462832,
      "write_sectors" : 0,
      "read_merges" : 0,
      "write_merges" : 0,
      "read_ticks" : 218743,
      "write_ticks" : 0,
      "in_queue" : 218743,
      "util" : 79.524302
    }
  ]
}
