{
  "fio version" : "fio-3.36",
  "timestamp" : 1773716274,
  "timestamp_ms" : 1773716274017,
  "time" : "Tue Mar 17 02:57:54 2026",
  "jobs" : [
    {
      "jobname" : "rand_read_r3",
      "groupid" : 0,
      "job_start" : 1773716272987,
      "error" : 0,
      "eta" : 2147483647,
      "elapsed" : 2,
      "job options" : {
        "name" : "rand_read_r3",
        "directory" : "/tmp/aisp_fio_2026-03-17_localhost_fabric_canonical_localhost",
        "ioengine" : "libaio",
        "direct" : "1",
        "rw" : "randread",
        "bs" : "4K",
        "size" : "8G",
        "numjobs" : "4",
        "runtime" : "1",
        "unlink" : "1",
        "iodepth" : "64"
      },
      "read" : {
        "io_bytes" : 296157184,
        "io_kbytes" : 289216,
        "bw_bytes" : 295566051,
        "bw" : 288638,
        "iops" : 72159.680639,
        "runtime" : 1002,
        "total_ios" : 72304,
        "short_ios" : 0,
        "drop_ios" : 0,
        "slat_ns" : {
          "min" : 916,
          "max" : 117051,
          "mean" : 3009.202382,
          "stddev" : 3915.543439,
          "N" : 72304
        },
        "clat_ns" : {
          "min" : 758169,
          "max" : 135551731,
          "mean" : 3541802.485575,
          "stddev" : 1632444.801746,
          "N" : 72304,
          "percentile" : {
            "1.000000" : 1482752,
            "5.000000" : 1875968,
            "10.000000" : 2072576,
            "20.000000" : 2375680,
            "30.000000" : 2637824,
            "40.000000" : 2932736,
            "50.000000" : 3260416,
            "60.000000" : 3686400,
            "70.000000" : 4145152,
            "80.000000" : 4685824,
            "90.000000" : 5341184,
            "95.000000" : 5865472,
            "99.000000" : 7307264,
            "99.500000" : 7634944,
            "99.900000" : 8224768,
            "99.950000" : 8454144,
            "99.990000" : 11075584
          }
        },
        "lat_ns" : {
          "min" : 760444,
          "max" : 135554145,
          "mean" : 3544811.687956,
          "stddev" : 1632683.806694,
          "N" : 72304
        },
        "bw_min" : 286632,
        "bw_max" : 289784,
        "bw_agg" : 99.850775,
        "bw_mean" : 288208.000000,
        "bw_dev" : 430.749513,
        "bw_samples" : 8,
        "iops_min" : 71658,
        "iops_max" : 72446,
        "iops_mean" : 72052.000000,
        "iops_stddev" : 107.687378,
        "iops_samples" : 8
      },
      "write" : {
        "io_bytes" : 0,
        "io_kbytes" : 0,
        "bw_bytes" : 0,
        "bw" : 0,
        "iops" : 0.000000,
        "runtime" : 0,
        "total_ios" : 0,
        "short_ios" : 0,
        "drop_ios" : 0,
        "slat_ns" : {
          "min" : 0,
          "max" : 0,
          "mean" : 0.000000,
          "stddev" : 0.000000,
          "N" : 0
        },
        "clat_ns" : {
          "min" : 0,
          "max" : 0,
          "mean" : 0.000000,
          "stddev" : 0.000000,
          "N" : 0
        },
        "lat_ns" : {
          "min" : 0,
          "max" : 0,
          "mean" : 0.000000,
          "stddev" : 0.000000,
          "N" : 0
        },
        "bw_min" : 0,
        "bw_max" : 0,
        "bw_agg" : 0.000000,
        "bw_mean" : 0.000000,
        "bw_dev" : 0.000000,
        "bw_samples" : 0,
        "iops_min" : 0,
        "iops_max" : 0,
        "iops_mean" : 0.000000,
        "iops_stddev" : 0.000000,
        "iops_samples" : 0
      },
      "trim" : {
        "io_bytes" : 0,
        "io_kbytes" : 0,
        "bw_bytes" : 0,
        "bw" : 0,
        "iops" : 0.000000,
        "runtime" : 0,
        "total_ios" : 0,
        "short_ios" : 0,
        "drop_ios" : 0,
        "slat_ns" : {
          "min" : 0,
          "max" : 0,
          "mean" : 0.000000,
          "stddev" : 0.000000,
          "N" : 0
        },
        "clat_ns" : {
          "min" : 0,
          "max" : 0,
          "mean" : 0.000000,
          "stddev" : 0.000000,
          "N" : 0
        },
        "lat_ns" : {
          "min" : 0,
          "max" : 0,
          "mean" : 0.000000,
          "stddev" : 0.000000,
          "N" : 0
        },
        "bw_min" : 0,
        "bw_max" : 0,
        "bw_agg" : 0.000000,
        "bw_mean" : 0.000000,
        "bw_dev" : 0.000000,
        "bw_samples" : 0,
        "iops_min" : 0,
        "iops_max" : 0,
        "iops_mean" : 0.000000,
        "iops_stddev" : 0.000000,
        "iops_samples" : 0
      },
      "sync" : {
        "total_ios" : 0,
        "lat_ns" : {
          "min" : 0,
          "max" : 0,
          "mean" : 0.000000,
          "stddev" : 0.000000,
          "N" : 0
        }
      },
      "job_runtime" : 4004,
      "usr_cpu" : 2.797203,
      "sys_cpu" : 10.289710,
      "ctx" : 36005,
      "majf" : 0,
      "minf" : 306,
      "iodepth_level" : {
        "1" : 0.100000,
        "2" : 0.100000,
        "4" : 0.100000,
        "8" : 0.100000,
        "16" : 0.100000,
        "32" : 0.177030,
        ">=64" : 99.651472
      },
      "iodepth_submit" : {
        "0" : 0.000000,
        "4" : 100.000000,
        "8" : 0.000000,
        "16" : 0.000000,
        "32" : 0.000000,
        "64" : 0.000000,
        ">=64" : 0.000000
      },
      "iodepth_complete" : {
        "0" : 0.000000,
        "4" : 99.994449,
        "8" : 0.000000,
        "16" : 0.000000,
        "32" : 0.000000,
        "64" : 0.100000,
        ">=64" : 0.000000
      },
      "latency_ns" : {
        "2" : 0.000000,
        "4" : 0.000000,
        "10" : 0.000000,
        "20" : 0.000000,
        "50" : 0.000000,
        "100" : 0.000000,
        "250" : 0.000000,
        "500" : 0.000000,
        "750" : 0.000000,
        "1000" : 0.000000
      },
      "latency_us" : {
        "2" : 0.000000,
        "4" : 0.000000,
        "10" : 0.000000,
        "20" : 0.000000,
        "50" : 0.000000,
        "100" : 0.000000,
        "250" : 0.000000,
        "500" : 0.000000,
        "750" : 0.000000,
        "1000" : 0.026278
      },
      "latency_ms" : {
        "2" : 8.054879,
        "4" : 58.872262,
        "10" : 33.032751,
        "20" : 0.010000,
        "50" : 0.000000,
        "100" : 0.010000,
        "250" : 0.010000,
        "500" : 0.000000,
        "750" : 0.000000,
        "1000" : 0.000000,
        "2000" : 0.000000,
        ">=2000" : 0.000000
      },
      "latency_depth" : 64,
      "latency_target" : 0,
      "latency_percentile" : 100.000000,
      "latency_window" : 0
    }
  ],
  "disk_util" : [
    {
      "name" : "vda",
      "read_ios" : 54347,
      "write_ios" : 0,
      "read_sectors" : 434784,
      "write_sectors" : 0,
      "read_merges" : 0,
      "write_merges" : 0,
      "read_ticks" : 192701,
      "write_ticks" : 0,
      "in_queue" : 192700,
      "util" : 80.533024
    }
  ]
}
