{
  "fio version" : "fio-3.36",
  "timestamp" : 1773716197,
  "timestamp_ms" : 1773716197331,
  "time" : "Tue Mar 17 02:56:37 2026",
  "jobs" : [
    {
      "jobname" : "rand_write_r2",
      "groupid" : 0,
      "job_start" : 1773716196103,
      "error" : 0,
      "eta" : 2147483647,
      "elapsed" : 2,
      "job options" : {
        "name" : "rand_write_r2",
        "directory" : "/tmp/aisp_fio_2026-03-17_localhost_fabric_canonical_localhost",
        "ioengine" : "libaio",
        "direct" : "1",
        "rw" : "randwrite",
        "bs" : "4K",
        "size" : "8G",
        "numjobs" : "4",
        "runtime" : "1",
        "unlink" : "1",
        "iodepth" : "64"
      },
      "read" : {
        "io_bytes" : 0,
        "io_kbytes" : 0,
        "bw_bytes" : 0,
        "bw" : 0,
        "iops" : 0.000000,
        "runtime" : 0,
        "total_ios" : 0,
        "short_ios" : 0,
        "drop_ios" : 0,
        "slat_ns" : {
          "min" : 0,
          "max" : 0,
          "mean" : 0.000000,
          "stddev" : 0.000000,
          "N" : 0
        },
        "clat_ns" : {
          "min" : 0,
          "max" : 0,
          "mean" : 0.000000,
          "stddev" : 0.000000,
          "N" : 0
        },
        "lat_ns" : {
          "min" : 0,
          "max" : 0,
          "mean" : 0.000000,
          "stddev" : 0.000000,
          "N" : 0
        },
        "bw_min" : 0,
        "bw_max" : 0,
        "bw_agg" : 0.000000,
        "bw_mean" : 0.000000,
        "bw_dev" : 0.000000,
        "bw_samples" : 0,
        "iops_min" : 0,
        "iops_max" : 0,
        "iops_mean" : 0.000000,
        "iops_stddev" : 0.000000,
        "iops_samples" : 0
      },
      "write" : {
        "io_bytes" : 172929024,
        "io_kbytes" : 168876,
        "bw_bytes" : 171047501,
        "bw" : 167038,
        "iops" : 41759.643917,
        "runtime" : 1011,
        "total_ios" : 42219,
        "short_ios" : 0,
        "drop_ios" : 0,
        "slat_ns" : {
          "min" : 2607,
          "max" : 755955,
          "mean" : 12928.204173,
          "stddev" : 17612.023530,
          "N" : 42219
        },
        "clat_ns" : {
          "min" : 2850620,
          "max" : 29284078,
          "mean" : 6076950.014946,
          "stddev" : 1704613.594472,
          "N" : 42219,
          "percentile" : {
            "1.000000" : 3489792,
            "5.000000" : 3883008,
            "10.000000" : 4112384,
            "20.000000" : 4489216,
            "30.000000" : 4816896,
            "40.000000" : 5210112,
            "50.000000" : 5734400,
            "60.000000" : 6389760,
            "70.000000" : 7176192,
            "80.000000" : 7831552,
            "90.000000" : 8454144,
            "95.000000" : 8847360,
            "99.000000" : 9764864,
            "99.500000" : 10420224,
            "99.900000" : 14352384,
            "99.950000" : 15138816,
            "99.990000" : 16908288
          }
        },
        "lat_ns" : {
          "min" : 2854614,
          "max" : 29297159,
          "mean" : 6089878.219119,
          "stddev" : 1707092.244145,
          "N" : 42219
        },
        "bw_min" : 166400,
        "bw_max" : 169336,
        "bw_agg" : 100.000000,
        "bw_mean" : 167868.000000,
        "bw_dev" : 421.670149,
        "bw_samples" : 8,
        "iops_min" : 41600,
        "iops_max" : 42334,
        "iops_mean" : 41967.000000,
        "iops_stddev" : 105.417537,
        "iops_samples" : 8
      },
      "trim" : {
        "io_bytes" : 0,
        "io_kbytes" : 0,
        "bw_bytes" : 0,
        "bw" : 0,
        "iops" : 0.000000,
        "runtime" : 0,
        "total_ios" : 0,
        "short_ios" : 0,
        "drop_ios" : 0,
        "slat_ns" : {
          "min" : 0,
          "max" : 0,
          "mean" : 0.000000,
          "stddev" : 0.000000,
          "N" : 0
        },
        "clat_ns" : {
          "min" : 0,
          "max" : 0,
          "mean" : 0.000000,
          "stddev" : 0.000000,
          "N" : 0
        },
        "lat_ns" : {
          "min" : 0,
          "max" : 0,
          "mean" : 0.000000,
          "stddev" : 0.000000,
          "N" : 0
        },
        "bw_min" : 0,
        "bw_max" : 0,
        "bw_agg" : 0.000000,
        "bw_mean" : 0.000000,
        "bw_dev" : 0.000000,
        "bw_samples" : 0,
        "iops_min" : 0,
        "iops_max" : 0,
        "iops_mean" : 0.000000,
        "iops_stddev" : 0.000000,
        "iops_samples" : 0
      },
      "sync" : {
        "total_ios" : 0,
        "lat_ns" : {
          "min" : 0,
          "max" : 0,
          "mean" : 0.000000,
          "stddev" : 0.000000,
          "N" : 0
        }
      },
      "job_runtime" : 4018,
      "usr_cpu" : 1.916376,
      "sys_cpu" : 14.011946,
      "ctx" : 10318,
      "majf" : 0,
      "minf" : 54,
      "iodepth_level" : {
        "1" : 0.100000,
        "2" : 0.100000,
        "4" : 0.100000,
        "8" : 0.100000,
        "16" : 0.151591,
        "32" : 0.303181,
        ">=64" : 99.403112
      },
      "iodepth_submit" : {
        "0" : 0.000000,
        "4" : 100.000000,
        "8" : 0.000000,
        "16" : 0.000000,
        "32" : 0.000000,
        "64" : 0.000000,
        ">=64" : 0.000000
      },
      "iodepth_complete" : {
        "0" : 0.000000,
        "4" : 99.990470,
        "8" : 0.000000,
        "16" : 0.000000,
        "32" : 0.000000,
        "64" : 0.100000,
        ">=64" : 0.000000
      },
      "latency_ns" : {
        "2" : 0.000000,
        "4" : 0.000000,
        "10" : 0.000000,
        "20" : 0.000000,
        "50" : 0.000000,
        "100" : 0.000000,
        "250" : 0.000000,
        "500" : 0.000000,
        "750" : 0.000000,
        "1000" : 0.000000
      },
      "latency_us" : {
        "2" : 0.000000,
        "4" : 0.000000,
        "10" : 0.000000,
        "20" : 0.000000,
        "50" : 0.000000,
        "100" : 0.000000,
        "250" : 0.000000,
        "500" : 0.000000,
        "750" : 0.000000,
        "1000" : 0.000000
      },
      "latency_ms" : {
        "2" : 0.000000,
        "4" : 7.671901,
        "10" : 91.638836,
        "20" : 0.686895,
        "50" : 0.010000,
        "100" : 0.000000,
        "250" : 0.000000,
        "500" : 0.000000,
        "750" : 0.000000,
        "1000" : 0.000000,
        "2000" : 0.000000,
        ">=2000" : 0.000000
      },
      "latency_depth" : 64,
      "latency_target" : 0,
      "latency_percentile" : 100.000000,
      "latency_window" : 0
    }
  ],
  "disk_util" : [
    {
      "name" : "vda",
      "read_ios" : 0,
      "write_ios" : 36978,
      "read_sectors" : 0,
      "write_sectors" : 295824,
      "read_merges" : 0,
      "write_merges" : 0,
      "read_ticks" : 0,
      "write_ticks" : 218115,
      "in_queue" : 218115,
      "util" : 61.663286
    }
  ]
}
