{
  "fio version" : "fio-3.36",
  "timestamp" : 1773716198,
  "timestamp_ms" : 1773716198578,
  "time" : "Tue Mar 17 02:56:38 2026",
  "jobs" : [
    {
      "jobname" : "seq_write_r3",
      "groupid" : 0,
      "job_start" : 1773716197542,
      "error" : 0,
      "eta" : 2147483647,
      "elapsed" : 2,
      "job options" : {
        "name" : "seq_write_r3",
        "directory" : "/tmp/aisp_fio_2026-03-17_localhost_fabric_canonical_localhost",
        "ioengine" : "libaio",
        "direct" : "1",
        "rw" : "write",
        "bs" : "1M",
        "size" : "8G",
        "numjobs" : "4",
        "runtime" : "1",
        "unlink" : "1"
      },
      "read" : {
        "io_bytes" : 0,
        "io_kbytes" : 0,
        "bw_bytes" : 0,
        "bw" : 0,
        "iops" : 0.000000,
        "runtime" : 0,
        "total_ios" : 0,
        "short_ios" : 0,
        "drop_ios" : 0,
        "slat_ns" : {
          "min" : 0,
          "max" : 0,
          "mean" : 0.000000,
          "stddev" : 0.000000,
          "N" : 0
        },
        "clat_ns" : {
          "min" : 0,
          "max" : 0,
          "mean" : 0.000000,
          "stddev" : 0.000000,
          "N" : 0
        },
        "lat_ns" : {
          "min" : 0,
          "max" : 0,
          "mean" : 0.000000,
          "stddev" : 0.000000,
          "N" : 0
        },
        "bw_min" : 0,
        "bw_max" : 0,
        "bw_agg" : 0.000000,
        "bw_mean" : 0.000000,
        "bw_dev" : 0.000000,
        "bw_samples" : 0,
        "iops_min" : 0,
        "iops_max" : 0,
        "iops_mean" : 0.000000,
        "iops_stddev" : 0.000000,
        "iops_samples" : 0
      },
      "write" : {
        "io_bytes" : 737148928,
        "io_kbytes" : 719872,
        "bw_bytes" : 732752413,
        "bw" : 715578,
        "iops" : 698.807157,
        "runtime" : 1006,
        "total_ios" : 703,
        "short_ios" : 0,
        "drop_ios" : 0,
        "slat_ns" : {
          "min" : 33722,
          "max" : 209435,
          "mean" : 109399.914651,
          "stddev" : 23309.706403,
          "N" : 703
        },
        "clat_ns" : {
          "min" : 3667589,
          "max" : 13999758,
          "mean" : 5595385.469417,
          "stddev" : 1188122.174973,
          "N" : 703,
          "percentile" : {
            "1.000000" : 3948544,
            "5.000000" : 4227072,
            "10.000000" : 4423680,
            "20.000000" : 4685824,
            "30.000000" : 4947968,
            "40.000000" : 5210112,
            "50.000000" : 5406720,
            "60.000000" : 5668864,
            "70.000000" : 5931008,
            "80.000000" : 6193152,
            "90.000000" : 6848512,
            "95.000000" : 7438336,
            "99.000000" : 10027008,
            "99.500000" : 13041664,
            "99.900000" : 13959168,
            "99.950000" : 13959168,
            "99.990000" : 13959168
          }
        },
        "lat_ns" : {
          "min" : 3748911,
          "max" : 14077035,
          "mean" : 5704785.384068,
          "stddev" : 1190536.520548,
          "N" : 703
        },
        "bw_min" : 698368,
        "bw_max" : 733184,
        "bw_agg" : 100.000000,
        "bw_mean" : 715776.000000,
        "bw_dev" : 5766.700864,
        "bw_samples" : 8,
        "iops_min" : 682,
        "iops_max" : 716,
        "iops_mean" : 699.000000,
        "iops_stddev" : 5.631544,
        "iops_samples" : 8
      },
      "trim" : {
        "io_bytes" : 0,
        "io_kbytes" : 0,
        "bw_bytes" : 0,
        "bw" : 0,
        "iops" : 0.000000,
        "runtime" : 0,
        "total_ios" : 0,
        "short_ios" : 0,
        "drop_ios" : 0,
        "slat_ns" : {
          "min" : 0,
          "max" : 0,
          "mean" : 0.000000,
          "stddev" : 0.000000,
          "N" : 0
        },
        "clat_ns" : {
          "min" : 0,
          "max" : 0,
          "mean" : 0.000000,
          "stddev" : 0.000000,
          "N" : 0
        },
        "lat_ns" : {
          "min" : 0,
          "max" : 0,
          "mean" : 0.000000,
          "stddev" : 0.000000,
          "N" : 0
        },
        "bw_min" : 0,
        "bw_max" : 0,
        "bw_agg" : 0.000000,
        "bw_mean" : 0.000000,
        "bw_dev" : 0.000000,
        "bw_samples" : 0,
        "iops_min" : 0,
        "iops_max" : 0,
        "iops_mean" : 0.000000,
        "iops_stddev" : 0.000000,
        "iops_samples" : 0
      },
      "sync" : {
        "total_ios" : 0,
        "lat_ns" : {
          "min" : 0,
          "max" : 0,
          "mean" : 0.000000,
          "stddev" : 0.000000,
          "N" : 0
        }
      },
      "job_runtime" : 4014,
      "usr_cpu" : 1.021425,
      "sys_cpu" : 1.245640,
      "ctx" : 709,
      "majf" : 0,
      "minf" : 51,
      "iodepth_level" : {
        "1" : 100.000000,
        "2" : 0.000000,
        "4" : 0.000000,
        "8" : 0.000000,
        "16" : 0.000000,
        "32" : 0.000000,
        ">=64" : 0.000000
      },
      "iodepth_submit" : {
        "0" : 0.000000,
        "4" : 100.000000,
        "8" : 0.000000,
        "16" : 0.000000,
        "32" : 0.000000,
        "64" : 0.000000,
        ">=64" : 0.000000
      },
      "iodepth_complete" : {
        "0" : 0.000000,
        "4" : 100.000000,
        "8" : 0.000000,
        "16" : 0.000000,
        "32" : 0.000000,
        "64" : 0.000000,
        ">=64" : 0.000000
      },
      "latency_ns" : {
        "2" : 0.000000,
        "4" : 0.000000,
        "10" : 0.000000,
        "20" : 0.000000,
        "50" : 0.000000,
        "100" : 0.000000,
        "250" : 0.000000,
        "500" : 0.000000,
        "750" : 0.000000,
        "1000" : 0.000000
      },
      "latency_us" : {
        "2" : 0.000000,
        "4" : 0.000000,
        "10" : 0.000000,
        "20" : 0.000000,
        "50" : 0.000000,
        "100" : 0.000000,
        "250" : 0.000000,
        "500" : 0.000000,
        "750" : 0.000000,
        "1000" : 0.000000
      },
      "latency_ms" : {
        "2" : 0.000000,
        "4" : 1.564723,
        "10" : 97.297297,
        "20" : 1.137980,
        "50" : 0.000000,
        "100" : 0.000000,
        "250" : 0.000000,
        "500" : 0.000000,
        "750" : 0.000000,
        "1000" : 0.000000,
        "2000" : 0.000000,
        ">=2000" : 0.000000
      },
      "latency_depth" : 1,
      "latency_target" : 0,
      "latency_percentile" : 100.000000,
      "latency_window" : 0
    }
  ],
  "disk_util" : [
    {
      "name" : "vda",
      "read_ios" : 0,
      "write_ios" : 1228,
      "read_sectors" : 0,
      "write_sectors" : 1257472,
      "read_merges" : 0,
      "write_merges" : 0,
      "read_ticks" : 0,
      "write_ticks" : 6832,
      "in_queue" : 6831,
      "util" : 79.635258
    }
  ]
}
