{
  "fio version" : "fio-3.36",
  "timestamp" : 1773716235,
  "timestamp_ms" : 1773716235405,
  "time" : "Tue Mar 17 02:57:15 2026",
  "jobs" : [
    {
      "jobname" : "seq_read_r3",
      "groupid" : 0,
      "job_start" : 1773716234371,
      "error" : 0,
      "eta" : 2147483647,
      "elapsed" : 2,
      "job options" : {
        "name" : "seq_read_r3",
        "directory" : "/tmp/aisp_fio_2026-03-17_localhost_fabric_canonical_localhost",
        "ioengine" : "libaio",
        "direct" : "1",
        "rw" : "read",
        "bs" : "1M",
        "size" : "8G",
        "numjobs" : "4",
        "runtime" : "1",
        "unlink" : "1"
      },
      "read" : {
        "io_bytes" : 1241513984,
        "io_kbytes" : 1212416,
        "bw_bytes" : 1240273710,
        "bw" : 1211204,
        "iops" : 1182.817183,
        "runtime" : 1001,
        "total_ios" : 1184,
        "short_ios" : 0,
        "drop_ios" : 0,
        "slat_ns" : {
          "min" : 21089,
          "max" : 862201,
          "mean" : 50939.821791,
          "stddev" : 47527.240162,
          "N" : 1184
        },
        "clat_ns" : {
          "min" : 1918333,
          "max" : 10038136,
          "mean" : 3324263.049831,
          "stddev" : 708770.885946,
          "N" : 1184,
          "percentile" : {
            "1.000000" : 2211840,
            "5.000000" : 2441216,
            "10.000000" : 2572288,
            "20.000000" : 2768896,
            "30.000000" : 2932736,
            "40.000000" : 3063808,
            "50.000000" : 3227648,
            "60.000000" : 3358720,
            "70.000000" : 3555328,
            "80.000000" : 3751936,
            "90.000000" : 4177920,
            "95.000000" : 4554752,
            "99.000000" : 5668864,
            "99.500000" : 6127616,
            "99.900000" : 6914048,
            "99.950000" : 10027008,
            "99.990000" : 10027008
          }
        },
        "lat_ns" : {
          "min" : 1978639,
          "max" : 10096024,
          "mean" : 3375202.871622,
          "stddev" : 718488.062009,
          "N" : 1184
        },
        "bw_min" : 1203639,
        "bw_max" : 1203639,
        "bw_agg" : 99.375350,
        "bw_mean" : 1203639.000000,
        "bw_dev" : 0.000000,
        "bw_samples" : 4,
        "iops_min" : 1175,
        "iops_max" : 1175,
        "iops_mean" : 1175.000000,
        "iops_stddev" : 0.000000,
        "iops_samples" : 4
      },
      "write" : {
        "io_bytes" : 0,
        "io_kbytes" : 0,
        "bw_bytes" : 0,
        "bw" : 0,
        "iops" : 0.000000,
        "runtime" : 0,
        "total_ios" : 0,
        "short_ios" : 0,
        "drop_ios" : 0,
        "slat_ns" : {
          "min" : 0,
          "max" : 0,
          "mean" : 0.000000,
          "stddev" : 0.000000,
          "N" : 0
        },
        "clat_ns" : {
          "min" : 0,
          "max" : 0,
          "mean" : 0.000000,
          "stddev" : 0.000000,
          "N" : 0
        },
        "lat_ns" : {
          "min" : 0,
          "max" : 0,
          "mean" : 0.000000,
          "stddev" : 0.000000,
          "N" : 0
        },
        "bw_min" : 0,
        "bw_max" : 0,
        "bw_agg" : 0.000000,
        "bw_mean" : 0.000000,
        "bw_dev" : 0.000000,
        "bw_samples" : 0,
        "iops_min" : 0,
        "iops_max" : 0,
        "iops_mean" : 0.000000,
        "iops_stddev" : 0.000000,
        "iops_samples" : 0
      },
      "trim" : {
        "io_bytes" : 0,
        "io_kbytes" : 0,
        "bw_bytes" : 0,
        "bw" : 0,
        "iops" : 0.000000,
        "runtime" : 0,
        "total_ios" : 0,
        "short_ios" : 0,
        "drop_ios" : 0,
        "slat_ns" : {
          "min" : 0,
          "max" : 0,
          "mean" : 0.000000,
          "stddev" : 0.000000,
          "N" : 0
        },
        "clat_ns" : {
          "min" : 0,
          "max" : 0,
          "mean" : 0.000000,
          "stddev" : 0.000000,
          "N" : 0
        },
        "lat_ns" : {
          "min" : 0,
          "max" : 0,
          "mean" : 0.000000,
          "stddev" : 0.000000,
          "N" : 0
        },
        "bw_min" : 0,
        "bw_max" : 0,
        "bw_agg" : 0.000000,
        "bw_mean" : 0.000000,
        "bw_dev" : 0.000000,
        "bw_samples" : 0,
        "iops_min" : 0,
        "iops_max" : 0,
        "iops_mean" : 0.000000,
        "iops_stddev" : 0.000000,
        "iops_samples" : 0
      },
      "sync" : {
        "total_ios" : 0,
        "lat_ns" : {
          "min" : 0,
          "max" : 0,
          "mean" : 0.000000,
          "stddev" : 0.000000,
          "N" : 0
        }
      },
      "job_runtime" : 4000,
      "usr_cpu" : 0.500000,
      "sys_cpu" : 2.250000,
      "ctx" : 1186,
      "majf" : 0,
      "minf" : 1075,
      "iodepth_level" : {
        "1" : 100.000000,
        "2" : 0.000000,
        "4" : 0.000000,
        "8" : 0.000000,
        "16" : 0.000000,
        "32" : 0.000000,
        ">=64" : 0.000000
      },
      "iodepth_submit" : {
        "0" : 0.000000,
        "4" : 100.000000,
        "8" : 0.000000,
        "16" : 0.000000,
        "32" : 0.000000,
        "64" : 0.000000,
        ">=64" : 0.000000
      },
      "iodepth_complete" : {
        "0" : 0.000000,
        "4" : 100.000000,
        "8" : 0.000000,
        "16" : 0.000000,
        "32" : 0.000000,
        "64" : 0.000000,
        ">=64" : 0.000000
      },
      "latency_ns" : {
        "2" : 0.000000,
        "4" : 0.000000,
        "10" : 0.000000,
        "20" : 0.000000,
        "50" : 0.000000,
        "100" : 0.000000,
        "250" : 0.000000,
        "500" : 0.000000,
        "750" : 0.000000,
        "1000" : 0.000000
      },
      "latency_us" : {
        "2" : 0.000000,
        "4" : 0.000000,
        "10" : 0.000000,
        "20" : 0.000000,
        "50" : 0.000000,
        "100" : 0.000000,
        "250" : 0.000000,
        "500" : 0.000000,
        "750" : 0.000000,
        "1000" : 0.000000
      },
      "latency_ms" : {
        "2" : 0.168919,
        "4" : 85.641892,
        "10" : 14.104730,
        "20" : 0.084459,
        "50" : 0.000000,
        "100" : 0.000000,
        "250" : 0.000000,
        "500" : 0.000000,
        "750" : 0.000000,
        "1000" : 0.000000,
        "2000" : 0.000000,
        ">=2000" : 0.000000
      },
      "latency_depth" : 1,
      "latency_target" : 0,
      "latency_percentile" : 100.000000,
      "latency_window" : 0
    }
  ],
  "disk_util" : [
    {
      "name" : "vda",
      "read_ios" : 1393,
      "write_ios" : 366,
      "read_sectors" : 1910784,
      "write_sectors" : 15152,
      "read_merges" : 0,
      "write_merges" : 22,
      "read_ticks" : 4677,
      "write_ticks" : 2237,
      "in_queue" : 6923,
      "util" : 82.372506
    }
  ]
}
