{
  "fio version" : "fio-3.36",
  "timestamp" : 1773716119,
  "timestamp_ms" : 1773716119637,
  "time" : "Tue Mar 17 02:55:19 2026",
  "jobs" : [
    {
      "jobname" : "seq_write_r2",
      "groupid" : 0,
      "job_start" : 1773716118590,
      "error" : 0,
      "eta" : 2147483647,
      "elapsed" : 2,
      "job options" : {
        "name" : "seq_write_r2",
        "directory" : "/tmp/aisp_fio_2026-03-17_localhost_fabric_canonical_localhost",
        "ioengine" : "libaio",
        "direct" : "1",
        "rw" : "write",
        "bs" : "1M",
        "size" : "8G",
        "numjobs" : "4",
        "runtime" : "1",
        "unlink" : "1"
      },
      "read" : {
        "io_bytes" : 0,
        "io_kbytes" : 0,
        "bw_bytes" : 0,
        "bw" : 0,
        "iops" : 0.000000,
        "runtime" : 0,
        "total_ios" : 0,
        "short_ios" : 0,
        "drop_ios" : 0,
        "slat_ns" : {
          "min" : 0,
          "max" : 0,
          "mean" : 0.000000,
          "stddev" : 0.000000,
          "N" : 0
        },
        "clat_ns" : {
          "min" : 0,
          "max" : 0,
          "mean" : 0.000000,
          "stddev" : 0.000000,
          "N" : 0
        },
        "lat_ns" : {
          "min" : 0,
          "max" : 0,
          "mean" : 0.000000,
          "stddev" : 0.000000,
          "N" : 0
        },
        "bw_min" : 0,
        "bw_max" : 0,
        "bw_agg" : 0.000000,
        "bw_mean" : 0.000000,
        "bw_dev" : 0.000000,
        "bw_samples" : 0,
        "iops_min" : 0,
        "iops_max" : 0,
        "iops_mean" : 0.000000,
        "iops_stddev" : 0.000000,
        "iops_samples" : 0
      },
      "write" : {
        "io_bytes" : 720371712,
        "io_kbytes" : 703488,
        "bw_bytes" : 715364162,
        "bw" : 698597,
        "iops" : 682.224429,
        "runtime" : 1007,
        "total_ios" : 687,
        "short_ios" : 0,
        "drop_ios" : 0,
        "slat_ns" : {
          "min" : 47154,
          "max" : 178732,
          "mean" : 102346.768559,
          "stddev" : 20999.152375,
          "N" : 687
        },
        "clat_ns" : {
          "min" : 3370252,
          "max" : 17303503,
          "mean" : 5740905.951965,
          "stddev" : 1515414.420993,
          "N" : 687,
          "percentile" : {
            "1.000000" : 3883008,
            "5.000000" : 4177920,
            "10.000000" : 4423680,
            "20.000000" : 4751360,
            "30.000000" : 4947968,
            "40.000000" : 5210112,
            "50.000000" : 5472256,
            "60.000000" : 5734400,
            "70.000000" : 5996544,
            "80.000000" : 6389760,
            "90.000000" : 6979584,
            "95.000000" : 7897088,
            "99.000000" : 12910592,
            "99.500000" : 14614528,
            "99.900000" : 17432576,
            "99.950000" : 17432576,
            "99.990000" : 17432576
          }
        },
        "lat_ns" : {
          "min" : 3434207,
          "max" : 17398920,
          "mean" : 5843252.720524,
          "stddev" : 1517725.281290,
          "N" : 687
        },
        "bw_min" : 692224,
        "bw_max" : 706560,
        "bw_agg" : 100.000000,
        "bw_mean" : 699392.000000,
        "bw_dev" : 2508.277497,
        "bw_samples" : 8,
        "iops_min" : 676,
        "iops_max" : 690,
        "iops_mean" : 683.000000,
        "iops_stddev" : 2.449490,
        "iops_samples" : 8
      },
      "trim" : {
        "io_bytes" : 0,
        "io_kbytes" : 0,
        "bw_bytes" : 0,
        "bw" : 0,
        "iops" : 0.000000,
        "runtime" : 0,
        "total_ios" : 0,
        "short_ios" : 0,
        "drop_ios" : 0,
        "slat_ns" : {
          "min" : 0,
          "max" : 0,
          "mean" : 0.000000,
          "stddev" : 0.000000,
          "N" : 0
        },
        "clat_ns" : {
          "min" : 0,
          "max" : 0,
          "mean" : 0.000000,
          "stddev" : 0.000000,
          "N" : 0
        },
        "lat_ns" : {
          "min" : 0,
          "max" : 0,
          "mean" : 0.000000,
          "stddev" : 0.000000,
          "N" : 0
        },
        "bw_min" : 0,
        "bw_max" : 0,
        "bw_agg" : 0.000000,
        "bw_mean" : 0.000000,
        "bw_dev" : 0.000000,
        "bw_samples" : 0,
        "iops_min" : 0,
        "iops_max" : 0,
        "iops_mean" : 0.000000,
        "iops_stddev" : 0.000000,
        "iops_samples" : 0
      },
      "sync" : {
        "total_ios" : 0,
        "lat_ns" : {
          "min" : 0,
          "max" : 0,
          "mean" : 0.000000,
          "stddev" : 0.000000,
          "N" : 0
        }
      },
      "job_runtime" : 4017,
      "usr_cpu" : 0.871297,
      "sys_cpu" : 1.170027,
      "ctx" : 687,
      "majf" : 0,
      "minf" : 53,
      "iodepth_level" : {
        "1" : 100.000000,
        "2" : 0.000000,
        "4" : 0.000000,
        "8" : 0.000000,
        "16" : 0.000000,
        "32" : 0.000000,
        ">=64" : 0.000000
      },
      "iodepth_submit" : {
        "0" : 0.000000,
        "4" : 100.000000,
        "8" : 0.000000,
        "16" : 0.000000,
        "32" : 0.000000,
        "64" : 0.000000,
        ">=64" : 0.000000
      },
      "iodepth_complete" : {
        "0" : 0.000000,
        "4" : 100.000000,
        "8" : 0.000000,
        "16" : 0.000000,
        "32" : 0.000000,
        "64" : 0.000000,
        ">=64" : 0.000000
      },
      "latency_ns" : {
        "2" : 0.000000,
        "4" : 0.000000,
        "10" : 0.000000,
        "20" : 0.000000,
        "50" : 0.000000,
        "100" : 0.000000,
        "250" : 0.000000,
        "500" : 0.000000,
        "750" : 0.000000,
        "1000" : 0.000000
      },
      "latency_us" : {
        "2" : 0.000000,
        "4" : 0.000000,
        "10" : 0.000000,
        "20" : 0.000000,
        "50" : 0.000000,
        "100" : 0.000000,
        "250" : 0.000000,
        "500" : 0.000000,
        "750" : 0.000000,
        "1000" : 0.000000
      },
      "latency_ms" : {
        "2" : 0.000000,
        "4" : 1.455604,
        "10" : 95.924309,
        "20" : 2.620087,
        "50" : 0.000000,
        "100" : 0.000000,
        "250" : 0.000000,
        "500" : 0.000000,
        "750" : 0.000000,
        "1000" : 0.000000,
        "2000" : 0.000000,
        ">=2000" : 0.000000
      },
      "latency_depth" : 1,
      "latency_target" : 0,
      "latency_percentile" : 100.000000,
      "latency_window" : 0
    }
  ],
  "disk_util" : [
    {
      "name" : "vda",
      "read_ios" : 0,
      "write_ios" : 906,
      "read_sectors" : 0,
      "write_sectors" : 1243136,
      "read_merges" : 0,
      "write_merges" : 0,
      "read_ticks" : 0,
      "write_ticks" : 5130,
      "in_queue" : 5130,
      "util" : 79.513185
    }
  ]
}
