{
  "fio version" : "fio-3.36",
  "timestamp" : 1773716157,
  "timestamp_ms" : 1773716157120,
  "time" : "Tue Mar 17 02:55:57 2026",
  "jobs" : [
    {
      "jobname" : "seq_read_r2",
      "groupid" : 0,
      "job_start" : 1773716156093,
      "error" : 0,
      "eta" : 2147483647,
      "elapsed" : 2,
      "job options" : {
        "name" : "seq_read_r2",
        "directory" : "/tmp/aisp_fio_2026-03-17_localhost_fabric_canonical_localhost",
        "ioengine" : "libaio",
        "direct" : "1",
        "rw" : "read",
        "bs" : "1M",
        "size" : "8G",
        "numjobs" : "4",
        "runtime" : "1",
        "unlink" : "1"
      },
      "read" : {
        "io_bytes" : 1195376640,
        "io_kbytes" : 1167360,
        "bw_bytes" : 1191801236,
        "bw" : 1163868,
        "iops" : 1136.590229,
        "runtime" : 1003,
        "total_ios" : 1140,
        "short_ios" : 0,
        "drop_ios" : 0,
        "slat_ns" : {
          "min" : 38996,
          "max" : 864432,
          "mean" : 58582.412281,
          "stddev" : 47999.817155,
          "N" : 1140
        },
        "clat_ns" : {
          "min" : 1936130,
          "max" : 7045685,
          "mean" : 3452468.562281,
          "stddev" : 730100.830001,
          "N" : 1140,
          "percentile" : {
            "1.000000" : 2113536,
            "5.000000" : 2408448,
            "10.000000" : 2605056,
            "20.000000" : 2834432,
            "30.000000" : 3031040,
            "40.000000" : 3194880,
            "50.000000" : 3358720,
            "60.000000" : 3522560,
            "70.000000" : 3751936,
            "80.000000" : 4014080,
            "90.000000" : 4489216,
            "95.000000" : 4816896,
            "99.000000" : 5472256,
            "99.500000" : 5603328,
            "99.900000" : 6455296,
            "99.950000" : 7045120,
            "99.990000" : 7045120
          }
        },
        "lat_ns" : {
          "min" : 1982964,
          "max" : 7102716,
          "mean" : 3511050.974561,
          "stddev" : 738160.767042,
          "N" : 1140
        },
        "bw_min" : 1146880,
        "bw_max" : 1179648,
        "bw_agg" : 99.948070,
        "bw_mean" : 1163264.000000,
        "bw_dev" : 4834.073349,
        "bw_samples" : 8,
        "iops_min" : 1120,
        "iops_max" : 1152,
        "iops_mean" : 1136.000000,
        "iops_stddev" : 4.720775,
        "iops_samples" : 8
      },
      "write" : {
        "io_bytes" : 0,
        "io_kbytes" : 0,
        "bw_bytes" : 0,
        "bw" : 0,
        "iops" : 0.000000,
        "runtime" : 0,
        "total_ios" : 0,
        "short_ios" : 0,
        "drop_ios" : 0,
        "slat_ns" : {
          "min" : 0,
          "max" : 0,
          "mean" : 0.000000,
          "stddev" : 0.000000,
          "N" : 0
        },
        "clat_ns" : {
          "min" : 0,
          "max" : 0,
          "mean" : 0.000000,
          "stddev" : 0.000000,
          "N" : 0
        },
        "lat_ns" : {
          "min" : 0,
          "max" : 0,
          "mean" : 0.000000,
          "stddev" : 0.000000,
          "N" : 0
        },
        "bw_min" : 0,
        "bw_max" : 0,
        "bw_agg" : 0.000000,
        "bw_mean" : 0.000000,
        "bw_dev" : 0.000000,
        "bw_samples" : 0,
        "iops_min" : 0,
        "iops_max" : 0,
        "iops_mean" : 0.000000,
        "iops_stddev" : 0.000000,
        "iops_samples" : 0
      },
      "trim" : {
        "io_bytes" : 0,
        "io_kbytes" : 0,
        "bw_bytes" : 0,
        "bw" : 0,
        "iops" : 0.000000,
        "runtime" : 0,
        "total_ios" : 0,
        "short_ios" : 0,
        "drop_ios" : 0,
        "slat_ns" : {
          "min" : 0,
          "max" : 0,
          "mean" : 0.000000,
          "stddev" : 0.000000,
          "N" : 0
        },
        "clat_ns" : {
          "min" : 0,
          "max" : 0,
          "mean" : 0.000000,
          "stddev" : 0.000000,
          "N" : 0
        },
        "lat_ns" : {
          "min" : 0,
          "max" : 0,
          "mean" : 0.000000,
          "stddev" : 0.000000,
          "N" : 0
        },
        "bw_min" : 0,
        "bw_max" : 0,
        "bw_agg" : 0.000000,
        "bw_mean" : 0.000000,
        "bw_dev" : 0.000000,
        "bw_samples" : 0,
        "iops_min" : 0,
        "iops_max" : 0,
        "iops_mean" : 0.000000,
        "iops_stddev" : 0.000000,
        "iops_samples" : 0
      },
      "sync" : {
        "total_ios" : 0,
        "lat_ns" : {
          "min" : 0,
          "max" : 0,
          "mean" : 0.000000,
          "stddev" : 0.000000,
          "N" : 0
        }
      },
      "job_runtime" : 4008,
      "usr_cpu" : 0.449102,
      "sys_cpu" : 2.644711,
      "ctx" : 1145,
      "majf" : 0,
      "minf" : 1077,
      "iodepth_level" : {
        "1" : 100.000000,
        "2" : 0.000000,
        "4" : 0.000000,
        "8" : 0.000000,
        "16" : 0.000000,
        "32" : 0.000000,
        ">=64" : 0.000000
      },
      "iodepth_submit" : {
        "0" : 0.000000,
        "4" : 100.000000,
        "8" : 0.000000,
        "16" : 0.000000,
        "32" : 0.000000,
        "64" : 0.000000,
        ">=64" : 0.000000
      },
      "iodepth_complete" : {
        "0" : 0.000000,
        "4" : 100.000000,
        "8" : 0.000000,
        "16" : 0.000000,
        "32" : 0.000000,
        "64" : 0.000000,
        ">=64" : 0.000000
      },
      "latency_ns" : {
        "2" : 0.000000,
        "4" : 0.000000,
        "10" : 0.000000,
        "20" : 0.000000,
        "50" : 0.000000,
        "100" : 0.000000,
        "250" : 0.000000,
        "500" : 0.000000,
        "750" : 0.000000,
        "1000" : 0.000000
      },
      "latency_us" : {
        "2" : 0.000000,
        "4" : 0.000000,
        "10" : 0.000000,
        "20" : 0.000000,
        "50" : 0.000000,
        "100" : 0.000000,
        "250" : 0.000000,
        "500" : 0.000000,
        "750" : 0.000000,
        "1000" : 0.000000
      },
      "latency_ms" : {
        "2" : 0.263158,
        "4" : 79.122807,
        "10" : 20.614035,
        "20" : 0.000000,
        "50" : 0.000000,
        "100" : 0.000000,
        "250" : 0.000000,
        "500" : 0.000000,
        "750" : 0.000000,
        "1000" : 0.000000,
        "2000" : 0.000000,
        ">=2000" : 0.000000
      },
      "latency_depth" : 1,
      "latency_target" : 0,
      "latency_percentile" : 100.000000,
      "latency_window" : 0
    }
  ],
  "disk_util" : [
    {
      "name" : "vda",
      "read_ios" : 1238,
      "write_ios" : 3,
      "read_sectors" : 2048000,
      "write_sectors" : 152,
      "read_merges" : 0,
      "write_merges" : 16,
      "read_ticks" : 4305,
      "write_ticks" : 11,
      "in_queue" : 4322,
      "util" : 79.858300
    }
  ]
}
