{
  "fio version" : "fio-3.36",
  "timestamp" : 1773716042,
  "timestamp_ms" : 1773716042609,
  "time" : "Tue Mar 17 02:54:02 2026",
  "jobs" : [
    {
      "jobname" : "seq_write_r1",
      "groupid" : 0,
      "job_start" : 1773716041572,
      "error" : 0,
      "eta" : 2147483647,
      "elapsed" : 2,
      "job options" : {
        "name" : "seq_write_r1",
        "directory" : "/tmp/aisp_fio_2026-03-17_localhost_fabric_canonical_localhost",
        "ioengine" : "libaio",
        "direct" : "1",
        "rw" : "write",
        "bs" : "1M",
        "size" : "8G",
        "numjobs" : "4",
        "runtime" : "1",
        "unlink" : "1"
      },
      "read" : {
        "io_bytes" : 0,
        "io_kbytes" : 0,
        "bw_bytes" : 0,
        "bw" : 0,
        "iops" : 0.000000,
        "runtime" : 0,
        "total_ios" : 0,
        "short_ios" : 0,
        "drop_ios" : 0,
        "slat_ns" : {
          "min" : 0,
          "max" : 0,
          "mean" : 0.000000,
          "stddev" : 0.000000,
          "N" : 0
        },
        "clat_ns" : {
          "min" : 0,
          "max" : 0,
          "mean" : 0.000000,
          "stddev" : 0.000000,
          "N" : 0
        },
        "lat_ns" : {
          "min" : 0,
          "max" : 0,
          "mean" : 0.000000,
          "stddev" : 0.000000,
          "N" : 0
        },
        "bw_min" : 0,
        "bw_max" : 0,
        "bw_agg" : 0.000000,
        "bw_mean" : 0.000000,
        "bw_dev" : 0.000000,
        "bw_samples" : 0,
        "iops_min" : 0,
        "iops_max" : 0,
        "iops_mean" : 0.000000,
        "iops_stddev" : 0.000000,
        "iops_samples" : 0
      },
      "write" : {
        "io_bytes" : 760217600,
        "io_kbytes" : 742400,
        "bw_bytes" : 756435422,
        "bw" : 738706,
        "iops" : 721.393035,
        "runtime" : 1005,
        "total_ios" : 725,
        "short_ios" : 0,
        "drop_ios" : 0,
        "slat_ns" : {
          "min" : 33600,
          "max" : 181610,
          "mean" : 105058.548966,
          "stddev" : 22291.685895,
          "N" : 725
        },
        "clat_ns" : {
          "min" : 3567001,
          "max" : 11370327,
          "mean" : 5421810.521379,
          "stddev" : 951903.219851,
          "N" : 725,
          "percentile" : {
            "1.000000" : 3784704,
            "5.000000" : 4145152,
            "10.000000" : 4292608,
            "20.000000" : 4620288,
            "30.000000" : 4882432,
            "40.000000" : 5079040,
            "50.000000" : 5341184,
            "60.000000" : 5537792,
            "70.000000" : 5734400,
            "80.000000" : 6062080,
            "90.000000" : 6651904,
            "95.000000" : 7045120,
            "99.000000" : 8159232,
            "99.500000" : 9371648,
            "99.900000" : 11337728,
            "99.950000" : 11337728,
            "99.990000" : 11337728
          }
        },
        "lat_ns" : {
          "min" : 3634509,
          "max" : 11482749,
          "mean" : 5526869.070345,
          "stddev" : 955896.996784,
          "N" : 725
        },
        "bw_min" : 729088,
        "bw_max" : 747520,
        "bw_agg" : 99.945517,
        "bw_mean" : 738304.000000,
        "bw_dev" : 2736.755117,
        "bw_samples" : 8,
        "iops_min" : 712,
        "iops_max" : 730,
        "iops_mean" : 721.000000,
        "iops_stddev" : 2.672612,
        "iops_samples" : 8
      },
      "trim" : {
        "io_bytes" : 0,
        "io_kbytes" : 0,
        "bw_bytes" : 0,
        "bw" : 0,
        "iops" : 0.000000,
        "runtime" : 0,
        "total_ios" : 0,
        "short_ios" : 0,
        "drop_ios" : 0,
        "slat_ns" : {
          "min" : 0,
          "max" : 0,
          "mean" : 0.000000,
          "stddev" : 0.000000,
          "N" : 0
        },
        "clat_ns" : {
          "min" : 0,
          "max" : 0,
          "mean" : 0.000000,
          "stddev" : 0.000000,
          "N" : 0
        },
        "lat_ns" : {
          "min" : 0,
          "max" : 0,
          "mean" : 0.000000,
          "stddev" : 0.000000,
          "N" : 0
        },
        "bw_min" : 0,
        "bw_max" : 0,
        "bw_agg" : 0.000000,
        "bw_mean" : 0.000000,
        "bw_dev" : 0.000000,
        "bw_samples" : 0,
        "iops_min" : 0,
        "iops_max" : 0,
        "iops_mean" : 0.000000,
        "iops_stddev" : 0.000000,
        "iops_samples" : 0
      },
      "sync" : {
        "total_ios" : 0,
        "lat_ns" : {
          "min" : 0,
          "max" : 0,
          "mean" : 0.000000,
          "stddev" : 0.000000,
          "N" : 0
        }
      },
      "job_runtime" : 4010,
      "usr_cpu" : 0.897756,
      "sys_cpu" : 1.396509,
      "ctx" : 732,
      "majf" : 0,
      "minf" : 50,
      "iodepth_level" : {
        "1" : 100.000000,
        "2" : 0.000000,
        "4" : 0.000000,
        "8" : 0.000000,
        "16" : 0.000000,
        "32" : 0.000000,
        ">=64" : 0.000000
      },
      "iodepth_submit" : {
        "0" : 0.000000,
        "4" : 100.000000,
        "8" : 0.000000,
        "16" : 0.000000,
        "32" : 0.000000,
        "64" : 0.000000,
        ">=64" : 0.000000
      },
      "iodepth_complete" : {
        "0" : 0.000000,
        "4" : 100.000000,
        "8" : 0.000000,
        "16" : 0.000000,
        "32" : 0.000000,
        "64" : 0.000000,
        ">=64" : 0.000000
      },
      "latency_ns" : {
        "2" : 0.000000,
        "4" : 0.000000,
        "10" : 0.000000,
        "20" : 0.000000,
        "50" : 0.000000,
        "100" : 0.000000,
        "250" : 0.000000,
        "500" : 0.000000,
        "750" : 0.000000,
        "1000" : 0.000000
      },
      "latency_us" : {
        "2" : 0.000000,
        "4" : 0.000000,
        "10" : 0.000000,
        "20" : 0.000000,
        "50" : 0.000000,
        "100" : 0.000000,
        "250" : 0.000000,
        "500" : 0.000000,
        "750" : 0.000000,
        "1000" : 0.000000
      },
      "latency_ms" : {
        "2" : 0.000000,
        "4" : 3.172414,
        "10" : 96.551724,
        "20" : 0.275862,
        "50" : 0.000000,
        "100" : 0.000000,
        "250" : 0.000000,
        "500" : 0.000000,
        "750" : 0.000000,
        "1000" : 0.000000,
        "2000" : 0.000000,
        ">=2000" : 0.000000
      },
      "latency_depth" : 1,
      "latency_target" : 0,
      "latency_percentile" : 100.000000,
      "latency_window" : 0
    }
  ],
  "disk_util" : [
    {
      "name" : "vda",
      "read_ios" : 0,
      "write_ios" : 698,
      "read_sectors" : 0,
      "write_sectors" : 1301880,
      "read_merges" : 0,
      "write_merges" : 4,
      "read_ticks" : 0,
      "write_ticks" : 3578,
      "in_queue" : 3578,
      "util" : 79.614604
    }
  ]
}
