{
  "fio version" : "fio-3.36",
  "timestamp" : 1773716078,
  "timestamp_ms" : 1773716078720,
  "time" : "Tue Mar 17 02:54:38 2026",
  "jobs" : [
    {
      "jobname" : "seq_read_r1",
      "groupid" : 0,
      "job_start" : 1773716077686,
      "error" : 0,
      "eta" : 2147483647,
      "elapsed" : 2,
      "job options" : {
        "name" : "seq_read_r1",
        "directory" : "/tmp/aisp_fio_2026-03-17_localhost_fabric_canonical_localhost",
        "ioengine" : "libaio",
        "direct" : "1",
        "rw" : "read",
        "bs" : "1M",
        "size" : "8G",
        "numjobs" : "4",
        "runtime" : "1",
        "unlink" : "1"
      },
      "read" : {
        "io_bytes" : 1167065088,
        "io_kbytes" : 1139712,
        "bw_bytes" : 1161258794,
        "bw" : 1134041,
        "iops" : 1107.462687,
        "runtime" : 1005,
        "total_ios" : 1113,
        "short_ios" : 0,
        "drop_ios" : 0,
        "slat_ns" : {
          "min" : 26269,
          "max" : 789642,
          "mean" : 54262.971249,
          "stddev" : 42177.135393,
          "N" : 1113
        },
        "clat_ns" : {
          "min" : 2015099,
          "max" : 6435716,
          "mean" : 3539524.968553,
          "stddev" : 754317.604273,
          "N" : 1113,
          "percentile" : {
            "1.000000" : 2179072,
            "5.000000" : 2506752,
            "10.000000" : 2670592,
            "20.000000" : 2899968,
            "30.000000" : 3096576,
            "40.000000" : 3260416,
            "50.000000" : 3424256,
            "60.000000" : 3653632,
            "70.000000" : 3850240,
            "80.000000" : 4112384,
            "90.000000" : 4554752,
            "95.000000" : 4947968,
            "99.000000" : 5603328,
            "99.500000" : 5865472,
            "99.900000" : 6389760,
            "99.950000" : 6455296,
            "99.990000" : 6455296
          }
        },
        "lat_ns" : {
          "min" : 2061406,
          "max" : 7057566,
          "mean" : 3593787.939802,
          "stddev" : 762664.996003,
          "N" : 1113
        },
        "bw_min" : 1120256,
        "bw_max" : 1128448,
        "bw_agg" : 99.145553,
        "bw_mean" : 1124352.000000,
        "bw_dev" : 2896.309376,
        "bw_samples" : 5,
        "iops_min" : 1094,
        "iops_max" : 1102,
        "iops_mean" : 1098.000000,
        "iops_stddev" : 2.828427,
        "iops_samples" : 5
      },
      "write" : {
        "io_bytes" : 0,
        "io_kbytes" : 0,
        "bw_bytes" : 0,
        "bw" : 0,
        "iops" : 0.000000,
        "runtime" : 0,
        "total_ios" : 0,
        "short_ios" : 0,
        "drop_ios" : 0,
        "slat_ns" : {
          "min" : 0,
          "max" : 0,
          "mean" : 0.000000,
          "stddev" : 0.000000,
          "N" : 0
        },
        "clat_ns" : {
          "min" : 0,
          "max" : 0,
          "mean" : 0.000000,
          "stddev" : 0.000000,
          "N" : 0
        },
        "lat_ns" : {
          "min" : 0,
          "max" : 0,
          "mean" : 0.000000,
          "stddev" : 0.000000,
          "N" : 0
        },
        "bw_min" : 0,
        "bw_max" : 0,
        "bw_agg" : 0.000000,
        "bw_mean" : 0.000000,
        "bw_dev" : 0.000000,
        "bw_samples" : 0,
        "iops_min" : 0,
        "iops_max" : 0,
        "iops_mean" : 0.000000,
        "iops_stddev" : 0.000000,
        "iops_samples" : 0
      },
      "trim" : {
        "io_bytes" : 0,
        "io_kbytes" : 0,
        "bw_bytes" : 0,
        "bw" : 0,
        "iops" : 0.000000,
        "runtime" : 0,
        "total_ios" : 0,
        "short_ios" : 0,
        "drop_ios" : 0,
        "slat_ns" : {
          "min" : 0,
          "max" : 0,
          "mean" : 0.000000,
          "stddev" : 0.000000,
          "N" : 0
        },
        "clat_ns" : {
          "min" : 0,
          "max" : 0,
          "mean" : 0.000000,
          "stddev" : 0.000000,
          "N" : 0
        },
        "lat_ns" : {
          "min" : 0,
          "max" : 0,
          "mean" : 0.000000,
          "stddev" : 0.000000,
          "N" : 0
        },
        "bw_min" : 0,
        "bw_max" : 0,
        "bw_agg" : 0.000000,
        "bw_mean" : 0.000000,
        "bw_dev" : 0.000000,
        "bw_samples" : 0,
        "iops_min" : 0,
        "iops_max" : 0,
        "iops_mean" : 0.000000,
        "iops_stddev" : 0.000000,
        "iops_samples" : 0
      },
      "sync" : {
        "total_ios" : 0,
        "lat_ns" : {
          "min" : 0,
          "max" : 0,
          "mean" : 0.000000,
          "stddev" : 0.000000,
          "N" : 0
        }
      },
      "job_runtime" : 4004,
      "usr_cpu" : 0.449550,
      "sys_cpu" : 2.347652,
      "ctx" : 1115,
      "majf" : 0,
      "minf" : 1075,
      "iodepth_level" : {
        "1" : 100.000000,
        "2" : 0.000000,
        "4" : 0.000000,
        "8" : 0.000000,
        "16" : 0.000000,
        "32" : 0.000000,
        ">=64" : 0.000000
      },
      "iodepth_submit" : {
        "0" : 0.000000,
        "4" : 100.000000,
        "8" : 0.000000,
        "16" : 0.000000,
        "32" : 0.000000,
        "64" : 0.000000,
        ">=64" : 0.000000
      },
      "iodepth_complete" : {
        "0" : 0.000000,
        "4" : 100.000000,
        "8" : 0.000000,
        "16" : 0.000000,
        "32" : 0.000000,
        "64" : 0.000000,
        ">=64" : 0.000000
      },
      "latency_ns" : {
        "2" : 0.000000,
        "4" : 0.000000,
        "10" : 0.000000,
        "20" : 0.000000,
        "50" : 0.000000,
        "100" : 0.000000,
        "250" : 0.000000,
        "500" : 0.000000,
        "750" : 0.000000,
        "1000" : 0.000000
      },
      "latency_us" : {
        "2" : 0.000000,
        "4" : 0.000000,
        "10" : 0.000000,
        "20" : 0.000000,
        "50" : 0.000000,
        "100" : 0.000000,
        "250" : 0.000000,
        "500" : 0.000000,
        "750" : 0.000000,
        "1000" : 0.000000
      },
      "latency_ms" : {
        "2" : 0.000000,
        "4" : 76.729560,
        "10" : 23.270440,
        "20" : 0.000000,
        "50" : 0.000000,
        "100" : 0.000000,
        "250" : 0.000000,
        "500" : 0.000000,
        "750" : 0.000000,
        "1000" : 0.000000,
        "2000" : 0.000000,
        ">=2000" : 0.000000
      },
      "latency_depth" : 1,
      "latency_target" : 0,
      "latency_percentile" : 100.000000,
      "latency_window" : 0
    }
  ],
  "disk_util" : [
    {
      "name" : "vda",
      "read_ios" : 845,
      "write_ios" : 0,
      "read_sectors" : 1730560,
      "write_sectors" : 0,
      "read_merges" : 0,
      "write_merges" : 0,
      "read_ticks" : 2986,
      "write_ticks" : 0,
      "in_queue" : 2986,
      "util" : 79.123414
    }
  ]
}
