{
  "correctness": {
    "max_abs_diff": 43.971099853515625,
    "max_rel_diff_vs_fp32_ref": 0.12601390447590768
  },
  "device": {
    "capability": "10.0",
    "name": "NVIDIA GB200",
    "use_ue8m0": true
  },
  "iters": 3,
  "quantization": {
    "gran_k_a": 128,
    "gran_k_b": 32,
    "recipe_a": [
      1,
      128
    ],
    "recipe_b": [
      1,
      32
    ]
  },
  "results": {
    "deepgemm_fp8_fp4": {
      "avg_ms": 0.11733333269755046,
      "avg_tflops": 1171.3547234380164,
      "p50_ms": 0.12371200323104858,
      "p50_tflops": 1110.9589197687997,
      "p99_ms": 0.12371200323104858,
      "p99_tflops": 1110.9589197687997
    },
    "deepgemm_over_torch_bf16_speedup": 1.48118178062104,
    "torch_bf16_baseline": {
      "avg_ms": 0.17379199465115866,
      "avg_tflops": 790.8244205831935,
      "p50_ms": 0.13763199746608734,
      "p50_tflops": 998.5973901589643,
      "p99_ms": 0.13763199746608734,
      "p99_tflops": 998.5973901589643
    }
  },
  "seed": 0,
  "shape": {
    "k": 4096,
    "m": 4096,
    "n": 4096
  },
  "status": "ok",
  "timestamp": "2026-02-09T15:36:20+0000",
  "warmup": 1
}