{
  "correctness": {
    "max_abs_diff": 43.971099853515625,
    "max_rel_diff_vs_fp32_ref": 0.12601390447590768
  },
  "device": {
    "capability": "10.0",
    "name": "NVIDIA GB200",
    "use_ue8m0": true
  },
  "iters": 30,
  "quantization": {
    "gran_k_a": 128,
    "gran_k_b": 32,
    "recipe_a": [
      1,
      128
    ],
    "recipe_b": [
      1,
      32
    ]
  },
  "results": {
    "deepgemm_fp8_fp4": {
      "avg_ms": 0.0876821331679821,
      "avg_tflops": 1567.4681774529072,
      "p50_ms": 0.08649600297212601,
      "p50_tflops": 1588.963058978468,
      "p99_ms": 0.09753599762916565,
      "p99_tflops": 1409.1100395009687
    },
    "deepgemm_over_torch_bf16_speedup": 1.349407558571181,
    "torch_bf16_baseline": {
      "avg_ms": 0.1183189332485199,
      "avg_tflops": 1161.5973006054742,
      "p50_ms": 0.11609599739313126,
      "p50_tflops": 1183.83886230458,
      "p99_ms": 0.13120000064373016,
      "p99_tflops": 1047.5529938845923
    }
  },
  "seed": 0,
  "shape": {
    "k": 4096,
    "m": 4096,
    "n": 4096
  },
  "status": "ok",
  "timestamp": "2026-02-10T07:16:46+0000",
  "warmup": 10
}