{
  "correctness": {
    "max_abs_diff": 43.971099853515625,
    "max_rel_diff_vs_fp32_ref": 0.12601390447590768
  },
  "device": {
    "capability": "10.0",
    "name": "NVIDIA GB200",
    "use_ue8m0": true
  },
  "iters": 30,
  "quantization": {
    "gran_k_a": 128,
    "gran_k_b": 32,
    "recipe_a": [
      1,
      128
    ],
    "recipe_b": [
      1,
      32
    ]
  },
  "results": {
    "deepgemm_fp8_fp4": {
      "avg_ms": 0.09352106625835101,
      "avg_tflops": 1469.6042182873136,
      "p50_ms": 0.09043200314044952,
      "p50_tflops": 1519.804369019054,
      "p99_ms": 0.11215999722480774,
      "p99_tflops": 1225.3829963683436
    },
    "deepgemm_over_torch_bf16_speedup": 1.2873648444809547,
    "torch_bf16_baseline": {
      "avg_ms": 0.1203957329193751,
      "avg_tflops": 1141.5600049882014,
      "p50_ms": 0.11910399794578552,
      "p50_tflops": 1153.940722750216,
      "p99_ms": 0.13334399461746216,
      "p99_tflops": 1030.7097358698866
    }
  },
  "seed": 0,
  "shape": {
    "k": 4096,
    "m": 4096,
    "n": 4096
  },
  "status": "ok",
  "timestamp": "2026-02-10T07:16:24+0000",
  "warmup": 10
}