{
  "test": "allgather_control_plane",
  "world_size": 1,
  "iters": 20,
  "warmup": 2,
  "hostname": "ai-book-dev",
  "app_clocks": [
    {
      "rank": 0,
      "hostname": "ai-book-dev",
      "logical_device": 0,
      "physical_device": 0,
      "gpu_name": "NVIDIA B200",
      "app_sm_mhz": 1965,
      "app_mem_mhz": 3996,
      "cur_sm_mhz": 1155,
      "cur_mem_mhz": 3996
    }
  ],
  "methods": {
    "all_gather_object": {
      "method": "all_gather_object",
      "iters": 20,
      "warmup": 2,
      "latency_ms": {
        "mean": 0.367394,
        "median": 0.366574,
        "min": 0.302202,
        "max": 0.437617,
        "p95": 0.408124,
        "p99": 0.431718,
        "std": 0.032974,
        "cv_pct": 8.975009,
        "samples": [
          0.333779,
          0.402315,
          0.346651,
          0.332546,
          0.302202,
          0.352389,
          0.377438,
          0.383898,
          0.354246,
          0.347517,
          0.387344,
          0.406572,
          0.369999,
          0.355127,
          0.437617,
          0.394865,
          0.32118,
          0.363149,
          0.376508,
          0.402531
        ]
      }
    },
    "all_gather_tensor": {
      "method": "all_gather_tensor",
      "iters": 20,
      "warmup": 2,
      "latency_ms": {
        "mean": 0.057859,
        "median": 0.055081,
        "min": 0.043113,
        "max": 0.089483,
        "p95": 0.078906,
        "p99": 0.087368,
        "std": 0.010682,
        "cv_pct": 18.461836,
        "samples": [
          0.049779,
          0.06013,
          0.055234,
          0.053688,
          0.0663,
          0.053282,
          0.052037,
          0.089483,
          0.059676,
          0.053727,
          0.050074,
          0.056908,
          0.055599,
          0.055542,
          0.06806,
          0.050922,
          0.050339,
          0.07835,
          0.054928,
          0.043113
        ]
      }
    },
    "all_reduce_tensor": {
      "method": "all_reduce_tensor",
      "iters": 20,
      "warmup": 2,
      "latency_ms": {
        "mean": 0.025106,
        "median": 0.024908,
        "min": 0.022599,
        "max": 0.030312,
        "p95": 0.028897,
        "p99": 0.030029,
        "std": 0.00196,
        "cv_pct": 7.80536,
        "samples": [
          0.023866,
          0.026584,
          0.024279,
          0.025717,
          0.024066,
          0.025009,
          0.024806,
          0.022599,
          0.026395,
          0.024693,
          0.025177,
          0.023182,
          0.022807,
          0.028822,
          0.026055,
          0.025463,
          0.023159,
          0.023228,
          0.030312,
          0.025907
        ]
      }
    }
  },
  "comparison": {
    "all_gather_object_over_all_gather_tensor_speedup": 6.349816,
    "all_gather_object_over_all_reduce_tensor_speedup": 14.633713,
    "fastest_method": "all_reduce_tensor",
    "fastest_latency_ms": 0.025106
  },
  "software": {
    "torch_version": "2.9.1+cu130",
    "cuda_version": "13.0",
    "nccl_version": "2.27.7",
    "clock_lock_required": true
  }
}